condition,n_seeds,mean_val_f1,std_val_f1,min_val_f1,max_val_f1
C1,5,0.681355,0.009618,0.669208,0.692828
C2,5,0.687585,0.006457,0.680126,0.695146
C3,5,0.681261,0.003678,0.675995,0.685217
C4,5,0.683357,0.005723,0.678236,0.690403
C5,5,0.684323,0.009045,0.674928,0.697526
