condition,n_seeds,mean_val_f1,std_val_f1,min_val_f1,max_val_f1
C1,5,0.681355,0.009618,0.669208,0.692828
C2,5,0.681793,0.007843,0.670326,0.691137
C3,5,0.681261,0.003678,0.675995,0.685217
C4,5,0.682276,0.00709,0.672699,0.691493
C5,5,0.682991,0.008419,0.672155,0.693135
