condition,n_seeds,comprehensiveness_aopc_mean,comprehensiveness_aopc_std,sufficiency_aopc_mean,sufficiency_aopc_std,token_f1_mean,token_f1_std,adversarial_swap_delta_mean,adversarial_swap_delta_std
C1,5,,,,,,,1.712465,0.412609
C2,5,0.334664,0.032664,0.213493,0.02386,0.381989,0.001425,1.33128,0.307319
C3,5,,,,,,,1.935499,0.362823
C4,5,0.329534,0.02893,0.167018,0.034705,0.208706,0.027138,1.715256,0.313706
C5,5,0.294268,0.02652,0.225105,0.035053,0.137174,0.022004,1.698477,0.441663
